Workbook

Sheet enriched_logs
A1: timestamp | B1: interface_in | C1: mac | D1: src_ip | E1: dst_ip | F1: length | G1: tos | H1: prec | I1: ttl | J1: id | K1: proto | L1: src_port | M1: dst_port | N1: window | O1: res | P1: urgp | Q1: continent | R1: country | S1: asn | T1: as_name | U1: as_domain | X1: Time | Z1: Row Labels | AA1: Count of Hours (Time)
A2: 2025-09-06T15:34:54.763279+00:00 | B2: eth0 | C2: 32:cc:1f:83:84:fc:fe:00:00:00:01:01:08:00 | D2: 79.174.24.18 | E2: 157.245.90.47 | F2: 52 | G2: 0x00 | H2: 0x00 | I2: 51 | J2: 26015 | K2: UDP | L2: 58173 | M2: w | N2: N/A | O2: N/A | P2: N/A | Q2: Europe | R2: Albania | S2: AS210125 | T2: PRIAM NET Sh.p.k. | U2: priamnet.al | X2: =DATEVALUE(LEFT(A2,10)) + TIMEVALUE(MID(A2,12,8)) -> 45906.649 | Z2: <9/3/25 | AA2: 1
A3: 2025-09-03T18:37:34.714295+00:00 | B3: eth0 | C3: 32:cc:1f:83:84:fc:fe:00:00:00:01:01:08:00 | D3: 45.230.66.107 | E3: 157.245.90.47 | F3: 60 | G3: 0x00 | H3: 0x00 | I3: 48 | J3: 23973 | K3: TCP | L3: 10809 | M3: 8081 | N3: 28800 | O3: 0x00 | P3: 0 | Q3: South America | R3: Argentina | S3: AS266702 | T3: MEGALINK S.R.L. | U3: ultrafibra.com.ar | X3: =DATEVALUE(LEFT(A3,10)) + TIMEVALUE(MID(A3,12,8)) -> 45903.776 | Z3: 00 | AA3: 540
A4: 2025-09-03T20:45:34.560453+00:00 | B4: eth0 | C4: 32:cc:1f:83:84:fc:fe:00:00:00:01:01:08:00 | D4: 134.199.148.83 | E4: 157.245.90.47 | F4: 70 | G4: 0x00 | H4: 0x00 | I4: 17 | J4: 40437 | K4: UDP | L4: 7551 | M4: 53 | N4: N/A | O4: N/A | P4: N/A | Q4: Oceania | R4: Australia | S4: AS14061 | T4: DigitalOcean, LLC | U4: digitalocean.com | X4: =DATEVALUE(LEFT(A4,10)) + TIMEVALUE(MID(A4,12,8)) -> 45903.865 | Z4: 01 | AA4: 540
A5: 2025-09-03T20:46:17.684330+00:00 | B5: eth0 | C5: 32:cc:1f:83:84:fc:fe:00:00:00:01:01:08:00 | D5: 134.199.148.83 | E5: 157.245.90.47 | F5: 70 | G5: 0x00 | H5: 0x00 | I5: 12 | J5: 40437 | K5: UDP | L5: 7551 | M5: 53 | N5: N/A | O5: N/A | P5: N/A | Q5: Oceania | R5: Australia | S5: AS14061 | T5: DigitalOcean, LLC | U5: digitalocean.com | X5: =DATEVALUE(LEFT(A5,10)) + TIMEVALUE(MID(A5,12,8)) -> 45903.865 | Z5: 02 | AA5: 540
A6: 2025-09-03T20:46:35.215152+00:00 | B6: eth0 | C6: 32:cc:1f:83:84:fc:fe:00:00:00:01:01:08:00 | D6: 134.199.148.83 | E6: 157.245.90.47 | F6: 70 | G6: 0x00 | H6: 0x00 | I6: 10 | J6: 40437 | K6: UDP | L6: 7551 | M6: 53 | N6: N/A | O6: N/A | P6: N/A | Q6: Oceania | R6: Australia | S6: AS14061 | T6: DigitalOcean, LLC | U6: digitalocean.com | X6: =DATEVALUE(LEFT(A6,10)) + TIMEVALUE(MID(A6,12,8)) -> 45903.866 | Z6: 03 | AA6: 541
A7: 2025-09-03T23:16:16.206069+00:00 | B7: eth0 | C7: 32:cc:1f:83:84:fc:fe:00:00:00:01:01:08:00 | D7: 13.211.166.199 | E7: 157.245.90.47 | F7: 79 | G7: 0x00 | H7: 0x00 | I7: 113 | J7: 18637 | K7: UDP | L7: 56074 | M7: 53 | N7: N/A | O7: N/A | P7: N/A | Q7: Oceania | R7: Australia | S7: AS16509 | T7: Amazon.com, Inc. | U7: amazon.com | X7: =DATEVALUE(LEFT(A7,10)) + TIMEVALUE(MID(A7,12,8)) -> 45903.97 | Z7: 04 | AA7: 542
A8: 2025-09-04T03:05:42.017815+00:00 | B8: eth0 | C8: 32:cc:1f:83:84:fc:fe:00:00:00:01:01:08:00 | D8: 170.64.194.116 | E8: 157.245.90.47 | F8: 52 | G8: 0x00 | H8: 0x00 | I8: 54 | J8: 50083 | K8: TCP | L8: 52677 | M8: 3261 | N8: 65280 | O8: 0x00 | P8: 0 | Q8: Oceania | R8: Australia | S8: AS14061 | T8: DigitalOcean, LLC | U8: digitalocean.com | X8: =DATEVALUE(LEFT(A8,10)) + TIMEVALUE(MID(A8,12,8)) -> 45904.129 | Z8: 05 | AA8: 540
A9: 2025-09-04T19:32:11.296579+00:00 | B9: eth0 | C9: 32:cc:1f:83:84:fc:fe:00:00:00:01:01:08:00 | D9: 134.199.160.14 | E9: 157.245.90.47 | F9: 44 | G9: 0x00 | H9: 0x00 | I9: 245 | J9: 54321 | K9: TCP | L9: 35264 | M9: 8080 | N9: 65535 | O9: 0x00 | P9: 0 | Q9: Oceania | R9: Australia | S9: AS14061 | T9: DigitalOcean, LLC | U9: digitalocean.com | X9: =DATEVALUE(LEFT(A9,10)) + TIMEVALUE(MID(A9,12,8)) -> 45904.814 | Z9: 06 | AA9: 540
A10: 2025-09-04T21:28:31.424187+00:00 | B10: eth0 | C10: 32:cc:1f:83:84:fc:fe:00:00:00:01:01:08:00 | D10: 35.244.123.170 | E10: 157.245.90.47 | F10: 40 | G10: 0x00 | H10: 0x00 | I10: 247 | J10: 22724 | K10: TCP | L10: 45432 | M10: 9306 | N10: 1024 | O10: 0x00 | P10: 0 | Q10: Oceania | R10: Australia | S10: AS396982 | T10: Google LLC | U10: google.com | X10: =DATEVALUE(LEFT(A10,10)) + TIMEVALUE(MID(A10,12,8)) -> 45904.895 | Z10: 07 | AA10: 541
A11: 2025-09-04T23:17:31.071391+00:00 | B11: eth0 | C11: 32:cc:1f:83:84:fc:fe:00:00:00:01:01:08:00 | D11: 13.211.12.164 | E11: 157.245.90.47 | F11: 71 | G11: 0x00 | H11: 0x00 | I11: 113 | J11: 48172 | K11: UDP | L11: 56228 | M11: 53 | N11: N/A | O11: N/A | P11: N/A | Q11: Oceania | R11: Australia | S11: AS16509 | T11: Amazon.com, Inc. | U11: amazon.com | X11: =DATEVALUE(LEFT(A11,10)) + TIMEVALUE(MID(A11,12,8)) -> 45904.97 | Z11: 08 | AA11: 539
A12: 2025-09-05T03:41:45.744585+00:00 | B12: eth0 | C12: 32:cc:1f:83:84:fc:fe:00:00:00:01:01:08:00 | D12: 3.27.8.154 | E12: 157.245.90.47 | F12: 60 | G12: 0x00 | H12: 0x00 | I12: 54 | J12: 52335 | K12: TCP | L12: 59872 | M12: 30303 | N12: 26883 | O12: 0x00 | P12: 0 | Q12: Oceania | R12: Australia | S12: AS16509 | T12: Amazon.com, Inc. | U12: amazon.com | X12: =DATEVALUE(LEFT(A12,10)) + TIMEVALUE(MID(A12,12,8)) -> 45905.154 | Z12: 09 | AA12: 540
A13: 2025-09-05T07:05:38.393143+00:00 | B13: eth0 | C13: 32:cc:1f:83:84:fc:fe:00:00:00:01:01:08:00 | D13: 134.199.148.83 | E13: 157.245.90.47 | F13: 44 | G13: 0x00 | H13: 0x00 | I13: 8 | J13: 0 | K13: TCP | L13: 40437 | M13: 443 | N13: 65535 | O13: 0x00 | P13: 0 | Q13: Oceania | R13: Australia | S13: AS14061 | T13: DigitalOcean, LLC | U13: digitalocean.com | X13: =DATEVALUE(LEFT(A13,10)) + TIMEVALUE(MID(A13,12,8)) -> 45905.296 | Z13: 10 | AA13: 540
A14: 2025-09-05T07:06:18.778836+00:00 | B14: eth0 | C14: 32:cc:1f:83:84:fc:fe:00:00:00:01:01:08:00 | D14: 134.199.148.83 | E14: 157.245.90.47 | F14: 44 | G14: 0x00 | H14: 0x00 | I14: 5 | J14: 0 | K14: TCP | L14: 40437 | M14: 443 | N14: 65535 | O14: 0x00 | P14: 0 | Q14: Oceania | R14: Australia | S14: AS14061 | T14: DigitalOcean, LLC | U14: digitalocean.com | X14: =DATEVALUE(LEFT(A14,10)) + TIMEVALUE(MID(A14,12,8)) -> 45905.296 | Z14: 11 | AA14: 540
A15: 2025-09-05T21:05:57.701302+00:00 | B15: eth0 | C15: 32:cc:1f:83:84:fc:fe:00:00:00:01:01:08:00 | D15: 120.157.63.151 | E15: 157.245.90.47 | F15: 60 | G15: 0x00 | H15: 0x00 | I15: 42 | J15: 23931 | K15: TCP | L15: 45865 | M15: 23 | N15: 14600 | O15: 0x00 | P15: 0 | Q15: Oceania | R15: Australia | S15: AS1221 | T15: Telstra Limited | U15: telstra.com.au | X15: =DATEVALUE(LEFT(A15,10)) + TIMEVALUE(MID(A15,12,8)) -> 45905.879 | Z15: 12 | AA15: 548
A16: 2025-09-05T23:19:11.209373+00:00 | B16: eth0 | C16: 32:cc:1f:83:84:fc:fe:00:00:00:01:01:08:00 | D16: 3.24.1.219 | E16: 157.245.90.47 | F16: 71 | G16: 0x00 | H16: 0x00 | I16: 113 | J16: 53233 | K16: UDP | L16: 22274 | M16: 53 | N16: N/A | O16: N/A | P16: N/A | Q16: Oceania | R16: Australia | S16: AS16509 | T16: Amazon.com, Inc. | U16: amazon.com | X16: =DATEVALUE(LEFT(A16,10)) + TIMEVALUE(MID(A16,12,8)) -> 45905.972 | Z16: 13 | AA16: 540
A17: 2025-09-05T23:19:31.512798+00:00 | B17: eth0 | C17: 32:cc:1f:83:84:fc:fe:00:00:00:01:01:08:00 | D17: 13.211.12.181 | E17: 157.245.90.47 | F17: 79 | G17: 0x00 | H17: 0x00 | I17: 113 | J17: 15211 | K17: UDP | L17: 43091 | M17: 53 | N17: N/A | O17: N/A | P17: N/A | Q17: Oceania | R17: Australia | S17: AS16509 | T17: Amazon.com, Inc. | U17: amazon.com | X17: =DATEVALUE(LEFT(A17,10)) + TIMEVALUE(MID(A17,12,8)) -> 45905.972 | Z17: 14 | AA17: 595
A18: 2025-09-05T23:19:52.386579+00:00 | B18: eth0 | C18: 32:cc:1f:83:84:fc:fe:00:00:00:01:01:08:00 | D18: 3.24.1.213 | E18: 157.245.90.47 | F18: 79 | G18: 0x00 | H18: 0x00 | I18: 113 | J18: 51923 | K18: UDP | L18: 12019 | M18: 53 | N18: N/A | O18: N/A | P18: N/A | Q18: Oceania | R18: Australia | S18: AS16509 | T18: Amazon.com, Inc. | U18: amazon.com | X18: =DATEVALUE(LEFT(A18,10)) + TIMEVALUE(MID(A18,12,8)) -> 45905.972 | Z18: 15 | AA18: 713
A19: 2025-09-06T09:49:17.344267+00:00 | B19: eth0 | C19: 32:cc:1f:83:84:fc:fe:00:00:00:01:01:08:00 | D19: 209.38.89.31 | E19: 157.245.90.47 | F19: 44 | G19: 0x00 | H19: 0x00 | I19: 245 | J19: 54321 | K19: TCP | L19: 46189 | M19: 8000 | N19: 65535 | O19: 0x00 | P19: 0 | Q19: Oceania | R19: Australia | S19: AS14061 | T19: DigitalOcean, LLC | U19: digitalocean.com | X19: =DATEVALUE(LEFT(A19,10)) + TIMEVALUE(MID(A19,12,8)) -> 45906.409 | Z19: 16 | AA19: 720
A20: 2025-09-06T14:31:36.699707+00:00 | B20: eth0 | C20: 32:cc:1f:83:84:fc:fe:00:00:00:01:01:08:00 | D20: 169.224.227.132 | E20: 157.245.90.47 | F20: 40 | G20: 0x00 | H20: 0x00 | I20: 237 | J20: 56227 | K20: TCP | L20: 41363 | M20: 1234 | N20: 1024 | O20: 0x00 | P20: 0 | Q20: Oceania | R20: Australia | S20: AS31898 | T20: Oracle Corporation | U20: oracle.com | X20: =DATEVALUE(LEFT(A20,10)) + TIMEVALUE(MID(A20,12,8)) -> 45906.605 | Z20: 17 | AA20: 720
A21: 2025-09-04T04:23:22.360628+00:00 | B21: eth0 | C21: 32:cc:1f:83:84:fc:fe:00:00:00:01:01:08:00 | D21: 195.245.225.238 | E21: 157.245.90.47 | F21: 60 | G21: 0x00 | H21: 0x00 | I21: 53 | J21: 38875 | K21: TCP | L21: 2733 | M21: 30303 | N21: 64240 | O21: 0x00 | P21: 0 | Q21: Europe | R21: Austria | S21: AS51350 | T21: Fachhochschule Technikum Wien | U21: technikum-wien.at | X21: =DATEVALUE(LEFT(A21,10)) + TIMEVALUE(MID(A21,12,8)) -> 45904.183 | Z21: 18 | AA21: 720
A22: 2025-09-04T17:10:11.777104+00:00 | B22: eth0 | C22: 32:cc:1f:83:84:fc:fe:00:00:00:01:01:08:00 | D22: 195.245.225.238 | E22: 157.245.90.47 | F22: 60 | G22: 0x00 | H22: 0x00 | I22: 53 | J22: 46790 | K22: TCP | L22: 47859 | M22: 30303 | N22: 64240 | O22: 0x00 | P22: 0 | Q22: Europe | R22: Austria | S22: AS51350 | T22: Fachhochschule Technikum Wien | U22: technikum-wien.at | X22: =DATEVALUE(LEFT(A22,10)) + TIMEVALUE(MID(A22,12,8)) -> 45904.715 | Z22: 19 | AA22: 720
A23: 2025-09-05T01:48:52.761091+00:00 | B23: eth0 | C23: 32:cc:1f:83:84:fc:fe:00:00:00:01:01:08:00 | D23: 195.245.225.238 | E23: 157.245.90.47 | F23: 60 | G23: 0x00 | H23: 0x00 | I23: 53 | J23: 62646 | K23: TCP | L23: 46367 | M23: 30303 | N23: 64240 | O23: 0x00 | P23: 0 | Q23: Europe | R23: Austria | S23: AS51350 | T23: Fachhochschule Technikum Wien | U23: technikum-wien.at | X23: =DATEVALUE(LEFT(A23,10)) + TIMEVALUE(MID(A23,12,8)) -> 45905.076 | Z23: 20 | AA23: 708
A24: 2025-09-05T19:23:16.562173+00:00 | B24: eth0 | C24: 32:cc:1f:83:84:fc:fe:00:00:00:01:01:08:00 | D24: 195.245.225.238 | E24: 157.245.90.47 | F24: 60 | G24: 0x00 | H24: 0x00 | I24: 53 | J24: 3047 | K24: TCP | L24: 26436 | M24: 30303 | N24: 64240 | O24: 0x00 | P24: 0 | Q24: Europe | R24: Austria | S24: AS51350 | T24: Fachhochschule Technikum Wien | U24: technikum-wien.at | X24: =DATEVALUE(LEFT(A24,10)) + TIMEVALUE(MID(A24,12,8)) -> 45905.808 | Z24: 21 | AA24: 539
A25: 2025-09-06T03:58:18.913610+00:00 | B25: eth0 | C25: 32:cc:1f:83:84:fc:fe:00:00:00:01:01:08:00 | D25: 163.47.37.134 | E25: 157.245.90.47 | F25: 40 | G25: 0x00 | H25: 0x00 | I25: 235 | J25: 21100 | K25: TCP | L25: 60000 | M25: 41622 | N25: 1024 | O25: 0x00 | P25: 0 | Q25: Asia | R25: Bangladesh | S25: AS63961 | T25: Bangladesh Research and Education Network (BdREN) | U25: bdren.net.bd | X25: =DATEVALUE(LEFT(A25,10)) + TIMEVALUE(MID(A25,12,8)) -> 45906.165 | Z25: 22 | AA25: 541
A26: 2025-09-03T16:32:15.242145+00:00 | B26: eth0 | C26: 32:cc:1f:83:84:fc:fe:00:00:00:01:01:08:00 | D26: 77.90.185.47 | E26: 157.245.90.47 | F26: 44 | G26: 0x00 | H26: 0x00 | I26: 243 | J26: 54994 | K26: TCP | L26: 41966 | M26: 5433 | N26: 1025 | O26: 0x00 | P26: 0 | Q26: Europe | R26: Belarus | S26: AS215476 | T26: Inside Network LTD | U26: insidenetwork.info | X26: =DATEVALUE(LEFT(A26,10)) + TIMEVALUE(MID(A26,12,8)) -> 45903.689 | Z26: 23 | AA26: 530
A27: 2025-09-04T19:16:53.480082+00:00 | B27: eth0 | C27: 32:cc:1f:83:84:fc:fe:00:00:00:01:01:08:00 | D27: 77.90.185.47 | E27: 157.245.90.47 | F27: 44 | G27: 0x00 | H27: 0x00 | I27: 242 | J27: 35227 | K27: TCP | L27: 53702 | M27: 55432 | N27: 1025 | O27: 0x00 | P27: 0 | Q27: Europe | R27: Belarus | S27: AS215476 | T27: Inside Network LTD | U27: insidenetwork.info | X27: =DATEVALUE(LEFT(A27,10)) + TIMEVALUE(MID(A27,12,8)) -> 45904.803 | Z27: Grand Total | AA27: 14078
A28: 2025-09-06T02:38:37.780092+00:00 | B28: eth0 | C28: 32:cc:1f:83:84:fc:fe:00:00:00:01:01:08:00 | D28: 77.90.185.47 | E28: 157.245.90.47 | F28: 44 | G28: 0x00 | H28: 0x00 | I28: 241 | J28: 36075 | K28: TCP | L28: 49853 | M28: 5433 | N28: 1025 | O28: 0x00 | P28: 0 | Q28: Europe | R28: Belarus | S28: AS215476 | T28: Inside Network LTD | U28: insidenetwork.info | X28: =DATEVALUE(LEFT(A28,10)) + TIMEVALUE(MID(A28,12,8)) -> 45906.11
A29: 2025-09-06T05:09:31.590227+00:00 | B29: eth0 | C29: 32:cc:1f:83:84:fc:fe:00:00:00:01:01:08:00 | D29: 77.90.185.47 | E29: 157.245.90.47 | F29: 44 | G29: 0x00 | H29: 0x00 | I29: 243 | J29: 43399 | K29: TCP | L29: 53427 | M29: 15432 | N29: 1025 | O29: 0x00 | P29: 0 | Q29: Europe | R29: Belarus | S29: AS215476 | T29: Inside Network LTD | U29: insidenetwork.info | X29: =DATEVALUE(LEFT(A29,10)) + TIMEVALUE(MID(A29,12,8)) -> 45906.215
A30: 2025-09-03T17:16:15.488595+00:00 | B30: eth0 | C30: 32:cc:1f:83:84:fc:fe:00:00:00:01:01:08:00 | D30: 34.140.117.233 | E30: 157.245.90.47 | F30: 52 | G30: 0x00 | H30: 0x40 | I30: 122 | J30: 55675 | K30: TCP | L30: 57242 | M30: 80 | N30: 65320 | O30: 0x00 | P30: 0 | Q30: Europe | R30: Belgium | S30: AS396982 | T30: Google LLC | U30: google.com | X30: =DATEVALUE(LEFT(A30,10)) + TIMEVALUE(MID(A30,12,8)) -> 45903.72
A31: 2025-09-03T18:46:03.575558+00:00 | B31: eth0 | C31: 32:cc:1f:83:84:fc:fe:00:00:00:01:01:08:00 | D31: 198.235.24.218 | E31: 157.245.90.47 | F31: 44 | G31: 0x00 | H31: 0x60 | I31: 249 | J31: 54321 | K31: TCP | L31: 52120 | M31: 32569 | N31: 65535 | O31: 0x00 | P31: 0 | Q31: Europe | R31: Belgium | S31: AS396982 | T31: Google LLC | U31: google.com | X31: =DATEVALUE(LEFT(A31,10)) + TIMEVALUE(MID(A31,12,8)) -> 45903.782
A32: 2025-09-03T20:31:55.637980+00:00 | B32: eth0 | C32: 32:cc:1f:83:84:fc:fe:00:00:00:01:01:08:00 | D32: 198.235.24.236 | E32: 157.245.90.47 | F32: 92 | G32: 0x00 | H32: 0x60 | I32: 249 | J32: 54321 | K32: UDP | L32: 50042 | M32: 17185 | N32: N/A | O32: N/A | P32: N/A | Q32: Europe | R32: Belgium | S32: AS396982 | T32: Google LLC | U32: google.com | X32: =DATEVALUE(LEFT(A32,10)) + TIMEVALUE(MID(A32,12,8)) -> 45903.855
A33: 2025-09-04T02:32:41.001131+00:00 | B33: eth0 | C33: 32:cc:1f:83:84:fc:fe:00:00:00:01:01:08:00 | D33: 198.235.24.225 | E33: 157.245.90.47 | F33: 44 | G33: 0x00 | H33: 0x00 | I33: 249 | J33: 54321 | K33: TCP | L33: 53721 | M33: 50805 | N33: 65535 | O33: 0x00 | P33: 0 | Q33: Europe | R33: Belgium | S33: AS396982 | T33: Google LLC | U33: google.com | X33: =DATEVALUE(LEFT(A33,10)) + TIMEVALUE(MID(A33,12,8)) -> 45904.106
A34: 2025-09-04T03:55:01.050663+00:00 | B34: eth0 | C34: 32:cc:1f:83:84:fc:fe:00:00:00:01:01:08:00 | D34: 198.235.24.225 | E34: 157.245.90.47 | F34: 44 | G34: 0x00 | H34: 0x60 | I34: 249 | J34: 54321 | K34: TCP | L34: 55626 | M34: 58603 | N34: 65535 | O34: 0x00 | P34: 0 | Q34: Europe | R34: Belgium | S34: AS396982 | T34: Google LLC | U34: google.com | X34: =DATEVALUE(LEFT(A34,10)) + TIMEVALUE(MID(A34,12,8)) -> 45904.163
A35: 2025-09-04T04:41:20.815875+00:00 | B35: eth0 | C35: 32:cc:1f:83:84:fc:fe:00:00:00:01:01:08:00 | D35: 198.235.24.239 | E35: 157.245.90.47 | F35: 44 | G35: 0x00 | H35: 0x60 | I35: 249 | J35: 54321 | K35: TCP | L35: 49633 | M35: 3975 | N35: 65535 | O35: 0x00 | P35: 0 | Q35: Europe | R35: Belgium | S35: AS396982 | T35: Google LLC | U35: google.com | X35: =DATEVALUE(LEFT(A35,10)) + TIMEVALUE(MID(A35,12,8)) -> 45904.195
A36: 2025-09-04T05:15:40.881627+00:00 | B36: eth0 | C36: 32:cc:1f:83:84:fc:fe:00:00:00:01:01:08:00 | D36: 198.235.24.171 | E36: 157.245.90.47 | F36: 44 | G36: 0x00 | H36: 0x60 | I36: 249 | J36: 54321 | K36: TCP | L36: 57064 | M36: 4444 | N36: 65535 | O36: 0x00 | P36: 0 | Q36: Europe | R36: Belgium | S36: AS396982 | T36: Google LLC | U36: google.com | X36: =DATEVALUE(LEFT(A36,10)) + TIMEVALUE(MID(A36,12,8)) -> 45904.219
A37: 2025-09-04T05:57:45.982219+00:00 | B37: eth0 | C37: 32:cc:1f:83:84:fc:fe:00:00:00:01:01:08:00 | D37: 198.235.24.183 | E37: 157.245.90.47 | F37: 44 | G37: 0x00 | H37: 0x60 | I37: 249 | J37: 54321 | K37: TCP | L37: 56184 | M37: 25789 | N37: 65535 | O37: 0x00 | P37: 0 | Q37: Europe | R37: Belgium | S37: AS396982 | T37: Google LLC | U37: google.com | X37: =DATEVALUE(LEFT(A37,10)) + TIMEVALUE(MID(A37,12,8)) -> 45904.248
A38: 2025-09-04T06:00:41.142996+00:00 | B38: eth0 | C38: 32:cc:1f:83:84:fc:fe:00:00:00:01:01:08:00 | D38: 198.235.24.206 | E38: 157.245.90.47 | F38: 44 | G38: 0x00 | H38: 0x60 | I38: 249 | J38: 54321 | K38: TCP | L38: 54315 | M38: 4026 | N38: 65535 | O38: 0x00 | P38: 0 | Q38: Europe | R38: Belgium | S38: AS396982 | T38: Google LLC | U38: google.com | X38: =DATEVALUE(LEFT(A38,10)) + TIMEVALUE(MID(A38,12,8)) -> 45904.25
A39: 2025-09-04T07:31:21.853836+00:00 | B39: eth0 | C39: 32:cc:1f:83:84:fc:fe:00:00:00:01:01:08:00 | D39: 198.235.24.232 | E39: 157.245.90.47 | F39: 44 | G39: 0x00 | H39: 0x60 | I39: 249 | J39: 54321 | K39: TCP | L39: 57117 | M39: 1024 | N39: 65535 | O39: 0x00 | P39: 0 | Q39: Europe | R39: Belgium | S39: AS396982 | T39: Google LLC | U39: google.com | X39: =DATEVALUE(LEFT(A39,10)) + TIMEVALUE(MID(A39,12,8)) -> 45904.313
A40: 2025-09-04T07:36:41.087338+00:00 | B40: eth0 | C40: 32:cc:1f:83:84:fc:fe:00:00:00:01:01:08:00 | D40: 198.235.24.253 | E40: 157.245.90.47 | F40: 44 | G40: 0x00 | H40: 0x00 | I40: 249 | J40: 54321 | K40: TCP | L40: 52996 | M40: 4024 | N40: 65535 | O40: 0x00 | P40: 0 | Q40: Europe | R40: Belgium | S40: AS396982 | T40: Google LLC | U40: google.com | X40: =DATEVALUE(LEFT(A40,10)) + TIMEVALUE(MID(A40,12,8)) -> 45904.317
A41: 2025-09-04T08:04:41.054896+00:00 | B41: eth0 | C41: 32:cc:1f:83:84:fc:fe:00:00:00:01:01:08:00 | D41: 198.235.24.252 | E41: 157.245.90.47 | F41: 44 | G41: 0x00 | H41: 0x60 | I41: 249 | J41: 54321 | K41: TCP | L41: 55579 | M41: 4117 | N41: 65535 | O41: 0x00 | P41: 0 | Q41: Europe | R41: Belgium | S41: AS396982 | T41: Google LLC | U41: google.com | X41: =DATEVALUE(LEFT(A41,10)) + TIMEVALUE(MID(A41,12,8)) -> 45904.337
A42: 2025-09-04T08:44:20.684982+00:00 | B42: eth0 | C42: 32:cc:1f:83:84:fc:fe:00:00:00:01:01:08:00 | D42: 198.235.24.229 | E42: 157.245.90.47 | F42: 44 | G42: 0x00 | H42: 0x60 | I42: 249 | J42: 54321 | K42: TCP | L42: 50353 | M42: 9443 | N42: 65535 | O42: 0x00 | P42: 0 | Q42: Europe | R42: Belgium | S42: AS396982 | T42: Google LLC | U42: google.com | X42: =DATEVALUE(LEFT(A42,10)) + TIMEVALUE(MID(A42,12,8)) -> 45904.364
A43: 2025-09-04T09:27:40.958190+00:00 | B43: eth0 | C43: 32:cc:1f:83:84:fc:fe:00:00:00:01:01:08:00 | D43: 198.235.24.219 | E43: 157.245.90.47 | F43: 44 | G43: 0x00 | H43: 0x60 | I43: 249 | J43: 54321 | K43: TCP | L43: 54175 | M43: 20256 | N43: 65535 | O43: 0x00 | P43: 0 | Q43: Europe | R43: Belgium | S43: AS396982 | T43: Google LLC | U43: google.com | X43: =DATEVALUE(LEFT(A43,10)) + TIMEVALUE(MID(A43,12,8)) -> 45904.394
A44: 2025-09-04T16:51:11.748688+00:00 | B44: eth0 | C44: 32:cc:1f:83:84:fc:fe:00:00:00:01:01:08:00 | D44: 198.235.24.230 | E44: 157.245.90.47 | F44: 44 | G44: 0x00 | H44: 0x60 | I44: 249 | J44: 54321 | K44: TCP | L44: 52615 | M44: 7777 | N44: 65535 | O44: 0x00 | P44: 0 | Q44: Europe | R44: Belgium | S44: AS396982 | T44: Google LLC | U44: google.com | X44: =DATEVALUE(LEFT(A44,10)) + TIMEVALUE(MID(A44,12,8)) -> 45904.702
... A63: 2025-09-06T00:54:14.061563+00:00 | B63: eth0 | C63: 32:cc:1f:83:84:fc:fe:00:00:00:01:01:08:00 | D63: 198.235.24.249 | E63: 157.245.90.47 | F63: 44 | G63: 0x00 | H63: 0x00 | I63: 249 | J63: 54321 | K63: TCP | L63: 56984 | M63: 5001 | N63: 65535 | O63: 0x00 | P63: 0 | Q63: Europe | R63: Belgium | S63: AS396982 | T63: Google LLC | U63: google.com | X63: =DATEVALUE(LEFT(A63,10)) + TIMEVALUE(MID(A63,12,8)) -> 45906.038
A64: 2025-09-06T01:05:54.211774+00:00 | B64: eth0 | C64: 32:cc:1f:83:84:fc:fe:00:00:00:01:01:08:00 | D64: 172.253.215.23 | E64: 157.245.90.47 | F64: 86 | G64: 0x00 | H64: 0x00 | I64: 105 | J64: 54300 | K64: UDP | L64: 38179 | M64: 53 | N64: N/A | O64: N/A | P64: N/A | Q64: Europe | R64: Belgium | S64: AS15169 | T64: Google LLC | U64: google.com | X64: =DATEVALUE(LEFT(A64,10)) + TIMEVALUE(MID(A64,12,8)) -> 45906.046
A65: 2025-09-06T01:41:13.989808+00:00 | B65: eth0 | C65: 32:cc:1f:83:84:fc:fe:00:00:00:01:01:08:00 | D65: 198.235.24.167 | E65: 157.245.90.47 | F65: 44 | G65: 0x00 | H65: 0x60 | I65: 249 | J65: 54321 | K65: TCP | L65: 55565 | M65: 4430 | N65: 65535 | O65: 0x00 | P65: 0 | Q65: Europe | R65: Belgium | S65: AS396982 | T65: Google LLC | U65: google.com | X65: =DATEVALUE(LEFT(A65,10)) + TIMEVALUE(MID(A65,12,8)) -> 45906.07
A66: 2025-09-06T03:06:34.298999+00:00 | B66: eth0 | C66: 32:cc:1f:83:84:fc:fe:00:00:00:01:01:08:00 | D66: 198.235.24.232 | E66: 157.245.90.47 | F66: 44 | G66: 0x00 | H66: 0x00 | I66: 249 | J66: 17477 | K66: TCP | L66: 56004 | M66: 5061 | N66: 1024 | O66: 0x00 | P66: 0 | Q66: Europe | R66: Belgium | S66: AS396982 | T66: Google LLC | U66: google.com | X66: =DATEVALUE(LEFT(A66,10)) + TIMEVALUE(MID(A66,12,8)) -> 45906.13
A67: 2025-09-06T04:44:39.172613+00:00 | B67: eth0 | C67: 32:cc:1f:83:84:fc:fe:00:00:00:01:01:08:00 | D67: 198.235.24.165 | E67: 157.245.90.47 | F67: 44 | G67: 0x00 | H67: 0x60 | I67: 249 | J67: 54321 | K67: TCP | L67: 52511 | M67: 2001 | N67: 65535 | O67: 0x00 | P67: 0 | Q67: Europe | R67: Belgium | S67: AS396982 | T67: Google LLC | U67: google.com | X67: =DATEVALUE(LEFT(A67,10)) + TIMEVALUE(MID(A67,12,8)) -> 45906.198
A68: 2025-09-06T05:10:38.589532+00:00 | B68: eth0 | C68: 32:cc:1f:83:84:fc:fe:00:00:00:01:01:08:00 | D68: 198.235.24.186 | E68: 157.245.90.47 | F68: 44 | G68: 0x00 | H68: 0x60 | I68: 249 | J68: 22003 | K68: TCP | L68: 51001 | M68: 9042 | N68: 1024 | O68: 0x00 | P68: 0 | Q68: Europe | R68: Belgium | S68: AS396982 | T68: Google LLC | U68: google.com | X68: =DATEVALUE(LEFT(A68,10)) + TIMEVALUE(MID(A68,12,8)) -> 45906.216
A69: 2025-09-06T07:27:33.754658+00:00 | B69: eth0 | C69: 32:cc:1f:83:84:fc:fe:00:00:00:01:01:08:00 | D69: 198.235.24.255 | E69: 157.245.90.47 | F69: 44 | G69: 0x00 | H69: 0x60 | I69: 249 | J69: 54321 | K69: TCP | L69: 56571 | M69: 20122 | N69: 65535 | O69: 0x00 | P69: 0 | Q69: Europe | R69: Belgium | S69: AS396982 | T69: Google LLC | U69: google.com | X69: =DATEVALUE(LEFT(A69,10)) + TIMEVALUE(MID(A69,12,8)) -> 45906.311
A70: 2025-09-06T07:39:53.964652+00:00 | B70: eth0 | C70: 32:cc:1f:83:84:fc:fe:00:00:00:01:01:08:00 | D70: 198.235.24.245 | E70: 157.245.90.47 | F70: 44 | G70: 0x00 | H70: 0x60 | I70: 249 | J70: 54321 | K70: TCP | L70: 56627 | M70: 11553 | N70: 65535 | O70: 0x00 | P70: 0 | Q70: Europe | R70: Belgium | S70: AS396982 | T70: Google LLC | U70: google.com | X70: =DATEVALUE(LEFT(A70,10)) + TIMEVALUE(MID(A70,12,8)) -> 45906.319
A71: 2025-09-06T19:57:53.022610+00:00 | B71: eth0 | C71: 32:cc:1f:83:84:fc:fe:00:00:00:01:01:08:00 | D71: 198.235.24.171 | E71: 157.245.90.47 | F71: 44 | G71: 0x00 | H71: 0x60 | I71: 249 | J71: 58102 | K71: TCP | L71: 55904 | M71: 30303 | N71: 1024 | O71: 0x00 | P71: 0 | Q71: Europe | R71: Belgium | S71: AS396982 | T71: Google LLC | U71: google.com | X71: =DATEVALUE(LEFT(A71,10)) + TIMEVALUE(MID(A71,12,8)) -> 45906.832
A72: 2025-09-06T20:43:58.134478+00:00 | B72: eth0 | C72: 32:cc:1f:83:84:fc:fe:00:00:00:01:01:08:00 | D72: 198.235.24.246 | E72: 157.245.90.47 | F72: 44 | G72: 0x00 | H72: 0x00 | I72: 249 | J72: 40992 | K72: TCP | L72: 53260 | M72: 5906 | N72: 1024 | O72: 0x00 | P72: 0 | Q72: Europe | R72: Belgium | S72: AS396982 | T72: Google LLC | U72: google.com | X72: =DATEVALUE(LEFT(A72,10)) + TIMEVALUE(MID(A72,12,8)) -> 45906.864
A73: 2025-09-06T20:52:52.230318+00:00 | B73: eth0 | C73: 32:cc:1f:83:84:fc:fe:00:00:00:01:01:08:00 | D73: 198.235.24.197 | E73: 157.245.90.47 | F73: 44 | G73: 0x00 | H73: 0x00 | I73: 249 | J73: 54321 | K73: TCP | L73: 51654 | M73: 7001 | N73: 65535 | O73: 0x00 | P73: 0 | Q73: Europe | R73: Belgium | S73: AS396982 | T73: Google LLC | U73: google.com | X73: =DATEVALUE(LEFT(A73,10)) + TIMEVALUE(MID(A73,12,8)) -> 45906.87
A74: 2025-09-03T21:47:17.538543+00:00 | B74: eth0 | C74: 32:cc:1f:83:84:fc:fe:00:00:00:01:01:08:00 | D74: 205.210.31.213 | E74: 157.245.90.47 | F74: 44 | G74: 0x00 | H74: 0x00 | I74: 249 | J74: 54321 | K74: TCP | L74: 56990 | M74: 3443 | N74: 65535 | O74: 0x00 | P74: 0 | Q74: South America | R74: Brazil | S74: AS396982 | T74: Google LLC | U74: google.com | X74: =DATEVALUE(LEFT(A74,10)) + TIMEVALUE(MID(A74,12,8)) -> 45903.908
A75: 2025-09-03T22:01:17.406215+00:00 | B75: eth0 | C75: 32:cc:1f:83:84:fc:fe:00:00:00:01:01:08:00 | D75: 205.210.31.211 | E75: 157.245.90.47 | F75: 76 | G75: 0x00 | H75: 0x00 | I75: 249 | J75: 54321 | K75: UDP | L75: 56191 | M75: 123 | N75: N/A | O75: N/A | P75: N/A | Q75: South America | R75: Brazil | S75: AS396982 | T75: Google LLC | U75: google.com | X75: =DATEVALUE(LEFT(A75,10)) + TIMEVALUE(MID(A75,12,8)) -> 45903.918
A76: 2025-09-03T22:02:56.987651+00:00 | B76: eth0 | C76: 32:cc:1f:83:84:fc:fe:00:00:00:01:01:08:00 | D76: 205.210.31.162 | E76: 157.245.90.47 | F76: 44 | G76: 0x00 | H76: 0x00 | I76: 249 | J76: 54321 | K76: TCP | L76: 50352 | M76: 8999 | N76: 65535 | O76: 0x00 | P76: 0 | Q76: South America | R76: Brazil | S76: AS396982 | T76: Google LLC | U76: google.com | X76: =DATEVALUE(LEFT(A76,10)) + TIMEVALUE(MID(A76,12,8)) -> 45903.919
A77: 2025-09-04T01:04:02.156046+00:00 | B77: eth0 | C77: 32:cc:1f:83:84:fc:fe:00:00:00:01:01:08:00 | D77: 205.210.31.177 | E77: 157.245.90.47 | F77: 44 | G77: 0x00 | H77: 0x60 | I77: 249 | J77: 54321 | K77: TCP | L77: 57238 | M77: 20256 | N77: 65535 | O77: 0x00 | P77: 0 | Q77: South America | R77: Brazil | S77: AS396982 | T77: Google LLC | U77: google.com | X77: =DATEVALUE(LEFT(A77,10)) + TIMEVALUE(MID(A77,12,8)) -> 45904.044
A78: 2025-09-04T01:53:22.330177+00:00 | B78: eth0 | C78: 32:cc:1f:83:84:fc:fe:00:00:00:01:01:08:00 | D78: 205.210.31.220 | E78: 157.245.90.47 | F78: 44 | G78: 0x00 | H78: 0x60 | I78: 249 | J78: 54321 | K78: TCP | L78: 57323 | M78: 10250 | N78: 65535 | O78: 0x00 | P78: 0 | Q78: South America | R78: Brazil | S78: AS396982 | T78: Google LLC | U78: google.com | X78: =DATEVALUE(LEFT(A78,10)) + TIMEVALUE(MID(A78,12,8)) -> 45904.079
A79: 2025-09-04T02:06:42.225824+00:00 | B79: eth0 | C79: 32:cc:1f:83:84:fc:fe:00:00:00:01:01:08:00 | D79: 205.210.31.233 | E79: 157.245.90.47 | F79: 44 | G79: 0x00 | H79: 0x00 | I79: 249 | J79: 54321 | K79: TCP | L79: 51881 | M79: 3978 | N79: 65535 | O79: 0x00 | P79: 0 | Q79: South America | R79: Brazil | S79: AS396982 | T79: Google LLC | U79: google.com | X79: =DATEVALUE(LEFT(A79,10)) + TIMEVALUE(MID(A79,12,8)) -> 45904.088
A80: 2025-09-04T08:50:41.740351+00:00 | B80: eth0 | C80: 32:cc:1f:83:84:fc:fe:00:00:00:01:01:08:00 | D80: 205.210.31.231 | E80: 157.245.90.47 | F80: 44 | G80: 0x00 | H80: 0x60 | I80: 249 | J80: 54321 | K80: TCP | L80: 52198 | M80: 50995 | N80: 65535 | O80: 0x00 | P80: 0 | Q80: South America | R80: Brazil | S80: AS396982 | T80: Google LLC | U80: google.com | X80: =DATEVALUE(LEFT(A80,10)) + TIMEVALUE(MID(A80,12,8)) -> 45904.369
A81: 2025-09-04T09:26:01.707510+00:00 | B81: eth0 | C81: 32:cc:1f:83:84:fc:fe:00:00:00:01:01:08:00 | D81: 205.210.31.219 | E81: 157.245.90.47 | F81: 44 | G81: 0x00 | H81: 0x60 | I81: 249 | J81: 54321 | K81: TCP | L81: 53380 | M81: 2080 | N81: 65535 | O81: 0x00 | P81: 0 | Q81: South America | R81: Brazil | S81: AS396982 | T81: Google LLC | U81: google.com | X81: =DATEVALUE(LEFT(A81,10)) + TIMEVALUE(MID(A81,12,8)) -> 45904.393
A82: 2025-09-04T09:28:42.561690+00:00 | B82: eth0 | C82: 32:cc:1f:83:84:fc:fe:00:00:00:01:01:08:00 | D82: 205.210.31.212 | E82: 157.245.90.47 | F82: 44 | G82: 0x00 | H82: 0x60 | I82: 249 | J82: 54321 | K82: TCP | L82: 52266 | M82: 49501 | N82: 65535 | O82: 0x00 | P82: 0 | Q82: South America | R82: Brazil | S82: AS396982 | T82: Google LLC | U82: google.com | X82: =DATEVALUE(LEFT(A82,10)) + TIMEVALUE(MID(A82,12,8)) -> 45904.395
A83: 2025-09-04T10:38:43.858464+00:00 | B83: eth0 | C83: 32:cc:1f:83:84:fc:fe:00:00:00:01:01:08:00 | D83: 179.104.38.38 | E83: 157.245.90.47 | F83: 60 | G83: 0x00 | H83: 0x00 | I83: 52 | J83: 22847 | K83: TCP | L83: 60878 | M83: 23 | N83: 5840 | O83: 0x00 | P83: 0 | Q83: South America | R83: Brazil | S83: AS53006 | T83: ALGAR TELECOM S/A | U83: algartelecom.com.br | X83: =DATEVALUE(LEFT(A83,10)) + TIMEVALUE(MID(A83,12,8)) -> 45904.444
A84: 2025-09-04T12:18:02.686474+00:00 | B84: eth0 | C84: 32:cc:1f:83:84:fc:fe:00:00:00:01:01:08:00 | D84: 45.239.239.147 | E84: 157.245.90.47 | F84: 79 | G84: 0x00 | H84: 0x00 | I84: 53 | J84: 52866 | K84: UDP | L84: 21670 | M84: 53 | N84: N/A | O84: N/A | P84: N/A | Q84: South America | R84: Brazil | S84: AS268390 | T84: ALISSON HENRIQUE DUARTE SERVICOS - ME | U84: netlinkce.com.br | X84: =DATEVALUE(LEFT(A84,10)) + TIMEVALUE(MID(A84,12,8)) -> 45904.513
A85: 2025-09-04T13:51:31.074546+00:00 | B85: eth0 | C85: 32:cc:1f:83:84:fc:fe:00:00:00:01:01:08:00 | D85: 172.69.38.34 | E85: 157.245.90.47 | F85: 75 | G85: 0x00 | H85: 0x00 | I85: 56 | J85: 48884 | K85: UDP | L85: 61572 | M85: 53 | N85: N/A | O85: N/A | P85: N/A | Q85: South America | R85: Brazil | S85: AS13335 | T85: Cloudflare, Inc. | U85: cloudflare.com | X85: =DATEVALUE(LEFT(A85,10)) + TIMEVALUE(MID(A85,12,8)) -> 45904.577
A86: 2025-09-04T14:18:14.514425+00:00 | B86: eth0 | C86: 32:cc:1f:83:84:fc:fe:00:00:00:01:01:08:00 | D86: 118.26.105.144 | E86: 157.245.90.47 | F86: 44 | G86: 0x00 | H86: 0x00 | I86: 52 | J86: 0 | K86: TCP | L86: 33188 | M86: 16978 | N86: 1024 | O86: 0x00 | P86: 0 | Q86: South America | R86: Brazil | S86: AS135377 | T86: UCLOUD INFORMATION TECHNOLOGY (HK) LIMITED | U86: ucloud.cn | X86: =DATEVALUE(LEFT(A86,10)) + TIMEVALUE(MID(A86,12,8)) -> 45904.596
A87: 2025-09-04T14:37:11.120453+00:00 | B87: eth0 | C87: 32:cc:1f:83:84:fc:fe:00:00:00:01:01:08:00 | D87: 172.253.233.23 | E87: 157.245.90.47 | F87: 82 | G87: 0x00 | H87: 0x00 | I87: 108 | J87: 5257 | K87: UDP | L87: 48814 | M87: 53 | N87: N/A | O87: N/A | P87: N/A | Q87: South America | R87: Brazil | S87: AS15169 | T87: Google LLC | U87: google.com | X87: =DATEVALUE(LEFT(A87,10)) + TIMEVALUE(MID(A87,12,8)) -> 45904.609
A88: 2025-09-04T19:24:11.527667+00:00 | B88: eth0 | C88: 32:cc:1f:83:84:fc:fe:00:00:00:01:01:08:00 | D88: 205.210.31.227 | E88: 157.245.90.47 | F88: 44 | G88: 0x00 | H88: 0x60 | I88: 249 | J88: 54321 | K88: TCP | L88: 50037 | M88: 42713 | N88: 65535 | O88: 0x00 | P88: 0 | Q88: South America | R88: Brazil | S88: AS396982 | T88: Google LLC | U88: google.com | X88: =DATEVALUE(LEFT(A88,10)) + TIMEVALUE(MID(A88,12,8)) -> 45904.808
A89: 2025-09-04T21:08:31.235732+00:00 | B89: eth0 | C89: 32:cc:1f:83:84:fc:fe:00:00:00:01:01:08:00 | D89: 205.210.31.227 | E89: 157.245.90.47 | F89: 44 | G89: 0x00 | H89: 0x00 | I89: 249 | J89: 26653 | K89: TCP | L89: 53214 | M89: 593 | N89: 1024 | O89: 0x00 | P89: 0 | Q89: South America | R89: Brazil | S89: AS396982 | T89: Google LLC | U89: google.com | X89: =DATEVALUE(LEFT(A89,10)) + TIMEVALUE(MID(A89,12,8)) -> 45904.881
A90: 2025-09-04T21:58:32.977288+00:00 | B90: eth0 | C90: 32:cc:1f:83:84:fc:fe:00:00:00:01:01:08:00 | D90: 186.233.123.160 | E90: 157.245.90.47 | F90: 40 | G90: 0x00 | H90: 0x00 | I90: 48 | J90: 41107 | K90: TCP | L90: 30136 | M90: 23 | N90: 46755 | O90: 0x00 | P90: 0 | Q90: South America | R90: Brazil | S90: AS263075 | T90: TV Cabo de Santo Anastacio Ltda | U90: tvcsantoanastacio.com.br | X90: =DATEVALUE(LEFT(A90,10)) + TIMEVALUE(MID(A90,12,8)) -> 45904.916
A91: 2025-09-04T23:12:11.240777+00:00 | B91: eth0 | C91: 32:cc:1f:83:84:fc:fe:00:00:00:01:01:08:00 | D91: 152.32.200.213 | E91: 157.245.90.47 | F91: 44 | G91: 0x00 | H91: 0x00 | I91: 52 | J91: 0 | K91: TCP | L91: 33188 | M91: 17061 | N91: 1024 | O91: 0x00 | P91: 0 | Q91: South America | R91: Brazil | S91: AS135377 | T91: UCLOUD INFORMATION TECHNOLOGY (HK) LIMITED | U91: ucloud.cn | X91: =DATEVALUE(LEFT(A91,10)) + TIMEVALUE(MID(A91,12,8)) -> 45904.967
A92: 2025-09-04T23:15:31.493620+00:00 | B92: eth0 | C92: 32:cc:1f:83:84:fc:fe:00:00:00:01:01:08:00 | D92: 118.26.105.52 | E92: 157.245.90.47 | F92: 44 | G92: 0x00 | H92: 0x00 | I92: 52 | J92: 0 | K92: TCP | L92: 33188 | M92: 17055 | N92: 1024 | O92: 0x00 | P92: 0 | Q92: South America | R92: Brazil | S92: AS135377 | T92: UCLOUD INFORMATION TECHNOLOGY (HK) LIMITED | U92: ucloud.cn | X92: =DATEVALUE(LEFT(A92,10)) + TIMEVALUE(MID(A92,12,8)) -> 45904.969
A93: 2025-09-05T01:55:54.745275+00:00 | B93: eth0 | C93: 32:cc:1f:83:84:fc:fe:00:00:00:01:01:08:00 | D93: 205.210.31.173 | E93: 157.245.90.47 | F93: 44 | G93: 0x00 | H93: 0x60 | I93: 249 | J93: 54321 | K93: TCP | L93: 57319 | M93: 20121 | N93: 65535 | O93: 0x00 | P93: 0 | Q93: South America | R93: Brazil | S93: AS396982 | T93: Google LLC | U93: google.com | X93: =DATEVALUE(LEFT(A93,10)) + TIMEVALUE(MID(A93,12,8)) -> 45905.08
A94: 2025-09-05T01:56:12.939692+00:00 | B94: eth0 | C94: 32:cc:1f:83:84:fc:fe:00:00:00:01:01:08:00 | D94: 205.210.31.217 | E94: 157.245.90.47 | F94: 44 | G94: 0x00 | H94: 0x60 | I94: 249 | J94: 54321 | K94: TCP | L94: 53675 | M94: 9600 | N94: 65535 | O94: 0x00 | P94: 0 | Q94: South America | R94: Brazil | S94: AS396982 | T94: Google LLC | U94: google.com | X94: =DATEVALUE(LEFT(A94,10)) + TIMEVALUE(MID(A94,12,8)) -> 45905.081
A95: 2025-09-05T02:28:52.133583+00:00 | B95: eth0 | C95: 32:cc:1f:83:84:fc:fe:00:00:00:01:01:08:00 | D95: 205.210.31.238 | E95: 157.245.90.47 | F95: 44 | G95: 0x00 | H95: 0x00 | I95: 249 | J95: 54321 | K95: TCP | L95: 50392 | M95: 8888 | N95: 65535 | O95: 0x00 | P95: 0 | Q95: South America | R95: Brazil | S95: AS396982 | T95: Google LLC | U95: google.com | X95: =DATEVALUE(LEFT(A95,10)) + TIMEVALUE(MID(A95,12,8)) -> 45905.103
A96: 2025-09-05T03:03:13.336183+00:00 | B96: eth0 | C96: 32:cc:1f:83:84:fc:fe:00:00:00:01:01:08:00 | D96: 205.210.31.193 | E96: 157.245.90.47 | F96: 44 | G96: 0x00 | H96: 0x60 | I96: 249 | J96: 54321 | K96: TCP | L96: 49240 | M96: 3390 | N96: 65535 | O96: 0x00 | P96: 0 | Q96: South America | R96: Brazil | S96: AS396982 | T96: Google LLC | U96: google.com | X96: =DATEVALUE(LEFT(A96,10)) + TIMEVALUE(MID(A96,12,8)) -> 45905.127
A97: 2025-09-05T06:22:51.310318+00:00 | B97: eth0 | C97: 32:cc:1f:83:84:fc:fe:00:00:00:01:01:08:00 | D97: 205.210.31.240 | E97: 157.245.90.47 | F97: 44 | G97: 0x00 | H97: 0x00 | I97: 249 | J97: 54321 | K97: TCP | L97: 51832 | M97: 5938 | N97: 65535 | O97: 0x00 | P97: 0 | Q97: South America | R97: Brazil | S97: AS396982 | T97: Google LLC | U97: google.com | X97: =DATEVALUE(LEFT(A97,10)) + TIMEVALUE(MID(A97,12,8)) -> 45905.266
A98: 2025-09-05T06:28:11.223339+00:00 | B98: eth0 | C98: 32:cc:1f:83:84:fc:fe:00:00:00:01:01:08:00 | D98: 205.210.31.253 | E98: 157.245.90.47 | F98: 44 | G98: 0x00 | H98: 0x00 | I98: 249 | J98: 33560 | K98: TCP | L98: 53068 | M98: 5984 | N98: 1024 | O98: 0x00 | P98: 0 | Q98: South America | R98: Brazil | S98: AS396982 | T98: Google LLC | U98: google.com | X98: =DATEVALUE(LEFT(A98,10)) + TIMEVALUE(MID(A98,12,8)) -> 45905.27
A99: 2025-09-05T07:24:51.132752+00:00 | B99: eth0 | C99: 32:cc:1f:83:84:fc:fe:00:00:00:01:01:08:00 | D99: 187.87.167.172 | E99: 157.245.90.47 | F99: 40 | G99: 0x00 | H99: 0x00 | I99: 52 | J99: 56745 | K99: TCP | L99: 64471 | M99: 23 | N99: 51168 | O99: 0x00 | P99: 0 | Q99: South America | R99: Brazil | S99: AS53076 | T99: INTERPIRA INTERNET SERVICE PROVIDER LTDA | U99: interpira.com.br | X99: =DATEVALUE(LEFT(A99,10)) + TIMEVALUE(MID(A99,12,8)) -> 45905.309
A100: 2025-09-05T07:40:11.483443+00:00 | B100: eth0 | C100: 32:cc:1f:83:84:fc:fe:00:00:00:01:01:08:00 | D100: 172.217.35.24 | E100: 157.245.90.47 | F100: 86 | G100: 0x00 | H100: 0x80 | I100: 108 | J100: 12504 | K100: UDP | L100: 45614 | M100: 53 | N100: N/A | O100: N/A | P100: N/A | Q100: South America | R100: Brazil | S100: AS15169 | T100: Google LLC | U100: google.com | X100: =DATEVALUE(LEFT(A100,10)) + TIMEVALUE(MID(A100,12,8)) -> 45905.32
A101: 2025-09-05T11:59:51.683407+00:00 | B101: eth0 | C101: 32:cc:1f:83:84:fc:fe:00:00:00:01:01:08:00 | D101: 205.210.31.184 | E101: 157.245.90.47 | F101: 44 | G101: 0x00 | H101: 0x00 | I101: 249 | J101: 54321 | K101: TCP | L101: 51343 | M101: 4567 | N101: 65535 | O101: 0x00 | P101: 0 | Q101: South America | R101: Brazil | S101: AS396982 | T101: Google LLC | U101: google.com | X101: =DATEVALUE(LEFT(A101,10)) + TIMEVALUE(MID(A101,12,8)) -> 45905.5
A102: 2025-09-05T12:38:11.906776+00:00 | B102: eth0 | C102: 32:cc:1f:83:84:fc:fe:00:00:00:01:01:08:00 | D102: 205.210.31.217 | E102: 157.245.90.47 | F102: 44 | G102: 0x00 | H102: 0x60 | I102: 249 | J102: 54321 | K102: TCP | L102: 51056 | M102: 8081 | N102: 65535 | O102: 0x00 | P102: 0 | Q102: South America | R102: Brazil | S102: AS396982 | T102: Google LLC | U102: google.com | X102: =DATEVALUE(LEFT(A102,10)) + TIMEVALUE(MID(A102,12,8)) -> 45905.527
A103: 2025-09-05T14:08:37.613106+00:00 | B103: eth0 | C103: 32:cc:1f:83:84:fc:fe:00:00:00:01:01:08:00 | D103: 45.188.200.26 | E103: 157.245.90.47 | F103: 40 | G103: 0x00 | H103: 0x00 | I103: 233 | J103: 38089 | K103: TCP | L103: 60000 | M103: 47822 | N103: 1024 | O103: 0x00 | P103: 0 | Q103: South America | R103: Brazil | S103: AS269538 | T103: CONECTEC NET LTDA | U103: conectectelecom.com.br | X103: =DATEVALUE(LEFT(A103,10)) + TIMEVALUE(MID(A103,12,8)) -> 45905.589
A104: 2025-09-05T14:46:51.007257+00:00 | B104: eth0 | C104: 32:cc:1f:83:84:fc:fe:00:00:00:01:01:08:00 | D104: 205.210.31.128 | E104: 157.245.90.47 | F104: 44 | G104: 0x00 | H104: 0x60 | I104: 249 | J104: 54321 | K104: TCP | L104: 54440 | M104: 5009 | N104: 65535 | O104: 0x00 | P104: 0 | Q104: South America | R104: Brazil | S104: AS396982 | T104: Google LLC | U104: google.com | X104: =DATEVALUE(LEFT(A104,10)) + TIMEVALUE(MID(A104,12,8)) -> 45905.616
A105: 2025-09-05T15:02:11.946788+00:00 | B105: eth0 | C105: 32:cc:1f:83:84:fc:fe:00:00:00:01:01:08:00 | D105: 205.210.31.149 | E105: 157.245.90.47 | F105: 44 | G105: 0x00 | H105: 0x60 | I105: 249 | J105: 54321 | K105: TCP | L105: 51367 | M105: 5000 | N105: 65535 | O105: 0x00 | P105: 0 | Q105: South America | R105: Brazil | S105: AS396982 | T105: Google LLC | U105: google.com | X105: =DATEVALUE(LEFT(A105,10)) + TIMEVALUE(MID(A105,12,8)) -> 45905.627
A106: 2025-09-05T18:11:32.829290+00:00 | B106: eth0 | C106: 32:cc:1f:83:84:fc:fe:00:00:00:01:01:08:00 | D106: 205.210.31.220 | E106: 157.245.90.47 | F106: 44 | G106: 0x00 | H106: 0x00 | I106: 249 | J106: 36533 | K106: TCP | L106: 53339 | M106: 3000 | N106: 1024 | O106: 0x00 | P106: 0 | Q106: South America | R106: Brazil | S106: AS396982 | T106: Google LLC | U106: google.com | X106: =DATEVALUE(LEFT(A106,10)) + TIMEVALUE(MID(A106,12,8)) -> 45905.758
A107: 2025-09-05T20:21:15.016470+00:00 | B107: eth0 | C107: 32:cc:1f:83:84:fc:fe:00:00:00:01:01:08:00 | D107: 205.210.31.228 | E107: 157.245.90.47 | F107: 44 | G107: 0x00 | H107: 0x60 | I107: 249 | J107: 64833 | K107: TCP | L107: 51961 | M107: 5909 | N107: 1024 | O107: 0x00 | P107: 0 | Q107: South America | R107: Brazil | S107: AS396982 | T107: Google LLC | U107: google.com | X107: =DATEVALUE(LEFT(A107,10)) + TIMEVALUE(MID(A107,12,8)) -> 45905.848
A108: 2025-09-05T21:48:14.659996+00:00 | B108: eth0 | C108: 32:cc:1f:83:84:fc:fe:00:00:00:01:01:08:00 | D108: 118.26.105.144 | E108: 157.245.90.47 | F108: 44 | G108: 0x00 | H108: 0x20 | I108: 48 | J108: 0 | K108: TCP | L108: 33188 | M108: 17260 | N108: 1024 | O108: 0x00 | P108: 0 | Q108: South America | R108: Brazil | S108: AS135377 | T108: UCLOUD INFORMATION TECHNOLOGY (HK) LIMITED | U108: ucloud.cn | X108: =DATEVALUE(LEFT(A108,10)) + TIMEVALUE(MID(A108,12,8)) -> 45905.908
A109: 2025-09-05T22:13:35.068241+00:00 | B109: eth0 | C109: 32:cc:1f:83:84:fc:fe:00:00:00:01:01:08:00 | D109: 205.210.31.196 | E109: 157.245.90.47 | F109: 44 | G109: 0x00 | H109: 0x60 | I109: 249 | J109: 54321 | K109: TCP | L109: 55741 | M109: 4433 | N109: 65535 | O109: 0x00 | P109: 0 | Q109: South America | R109: Brazil | S109: AS396982 | T109: Google LLC | U109: google.com | X109: =DATEVALUE(LEFT(A109,10)) + TIMEVALUE(MID(A109,12,8)) -> 45905.926
A110: 2025-09-05T22:23:14.602851+00:00 | B110: eth0 | C110: 32:cc:1f:83:84:fc:fe:00:00:00:01:01:08:00 | D110: 205.210.31.233 | E110: 157.245.90.47 | F110: 44 | G110: 0x00 | H110: 0x00 | I110: 249 | J110: 29432 | K110: TCP | L110: 53067 | M110: 27017 | N110: 1024 | O110: 0x00 | P110: 0 | Q110: South America | R110: Brazil | S110: AS396982 | T110: Google LLC | U110: google.com | X110: =DATEVALUE(LEFT(A110,10)) + TIMEVALUE(MID(A110,12,8)) -> 45905.933
A111: 2025-09-05T22:42:33.254329+00:00 | B111: eth0 | C111: 32:cc:1f:83:84:fc:fe:00:00:00:01:01:08:00 | D111: 205.210.31.184 | E111: 157.245.90.47 | F111: 92 | G111: 0x00 | H111: 0x00 | I111: 14 | J111: 0 | K111: UDP | L111: 34430 | M111: 17185 | N111: N/A | O111: N/A | P111: N/A | Q111: South America | R111: Brazil | S111: AS396982 | T111: Google LLC | U111: google.com | X111: =DATEVALUE(LEFT(A111,10)) + TIMEVALUE(MID(A111,12,8)) -> 45905.946
A112: 2025-09-06T00:21:11.529180+00:00 | B112: eth0 | C112: 32:cc:1f:83:84:fc:fe:00:00:00:01:01:08:00 | D112: 172.69.10.118 | E112: 157.245.90.47 | F112: 75 | G112: 0x00 | H112: 0x00 | I112: 56 | J112: 26474 | K112: UDP | L112: 52013 | M112: 53 | N112: N/A | O112: N/A | P112: N/A | Q112: South America | R112: Brazil | S112: AS13335 | T112: Cloudflare, Inc. | U112: cloudflare.com | X112: =DATEVALUE(LEFT(A112,10)) + TIMEVALUE(MID(A112,12,8)) -> 45906.015
A113: 2025-09-06T01:40:14.648253+00:00 | B113: eth0 | C113: 32:cc:1f:83:84:fc:fe:00:00:00:01:01:08:00 | D113: 205.210.31.226 | E113: 157.245.90.47 | F113: 44 | G113: 0x00 | H113: 0x60 | I113: 249 | J113: 54321 | K113: TCP | L113: 52221 | M113: 5443 | N113: 65535 | O113: 0x00 | P113: 0 | Q113: South America | R113: Brazil | S113: AS396982 | T113: Google LLC | U113: google.com | X113: =DATEVALUE(LEFT(A113,10)) + TIMEVALUE(MID(A113,12,8)) -> 45906.07
A114: 2025-09-06T04:53:59.839376+00:00 | B114: eth0 | C114: 32:cc:1f:83:84:fc:fe:00:00:00:01:01:08:00 | D114: 205.210.31.227 | E114: 157.245.90.47 | F114: 44 | G114: 0x00 | H114: 0x60 | I114: 249 | J114: 44992 | K114: TCP | L114: 51575 | M114: 1723 | N114: 1024 | O114: 0x00 | P114: 0 | Q114: South America | R114: Brazil | S114: AS396982 | T114: Google LLC | U114: google.com | X114: =DATEVALUE(LEFT(A114,10)) + TIMEVALUE(MID(A114,12,8)) -> 45906.204
A115: 2025-09-06T05:02:54.636310+00:00 | B115: eth0 | C115: 32:cc:1f:83:84:fc:fe:00:00:00:01:01:08:00 | D115: 205.210.31.204 | E115: 157.245.90.47 | F115: 44 | G115: 0x00 | H115: 0x60 | I115: 249 | J115: 54321 | K115: TCP | L115: 51067 | M115: 7547 | N115: 65535 | O115: 0x00 | P115: 0 | Q115: South America | R115: Brazil | S115: AS396982 | T115: Google LLC | U115: google.com | X115: =DATEVALUE(LEFT(A115,10)) + TIMEVALUE(MID(A115,12,8)) -> 45906.21
A116: 2025-09-06T05:39:12.196672+00:00 | B116: eth0 | C116: 32:cc:1f:83:84:fc:fe:00:00:00:01:01:08:00 | D116: 118.26.105.52 | E116: 157.245.90.47 | F116: 44 | G116: 0x00 | H116: 0x20 | I116: 49 | J116: 0 | K116: TCP | L116: 33188 | M116: 17321 | N116: 1024 | O116: 0x00 | P116: 0 | Q116: South America | R116: Brazil | S116: AS135377 | T116: UCLOUD INFORMATION TECHNOLOGY (HK) LIMITED | U116: ucloud.cn | X116: =DATEVALUE(LEFT(A116,10)) + TIMEVALUE(MID(A116,12,8)) -> 45906.236
A117: 2025-09-06T06:30:00.574558+00:00 | B117: eth0 | C117: 32:cc:1f:83:84:fc:fe:00:00:00:01:01:08:00 | D117: 45.188.200.26 | E117: 157.245.90.47 | F117: 40 | G117: 0x00 | H117: 0x00 | I117: 233 | J117: 943 | K117: TCP | L117: 60000 | M117: 48422 | N117: 1024 | O117: 0x00 | P117: 0 | Q117: South America | R117: Brazil | S117: AS269538 | T117: CONECTEC NET LTDA | U117: conectectelecom.com.br | X117: =DATEVALUE(LEFT(A117,10)) + TIMEVALUE(MID(A117,12,8)) -> 45906.271
A118: 2025-09-06T12:01:11.051255+00:00 | B118: eth0 | C118: 32:cc:1f:83:84:fc:fe:00:00:00:01:01:08:00 | D118: 172.68.17.187 | E118: 157.245.90.47 | F118: 83 | G118: 0x00 | H118: 0x00 | I118: 56 | J118: 36432 | K118: UDP | L118: 30071 | M118: 53 | N118: N/A | O118: N/A | P118: N/A | Q118: South America | R118: Brazil | S118: AS13335 | T118: Cloudflare, Inc. | U118: cloudflare.com | X118: =DATEVALUE(LEFT(A118,10)) + TIMEVALUE(MID(A118,12,8)) -> 45906.501
...

Sheet Sheet1
B2: {=_xlfn.UNIQUE(enriched_logs!R2:R14078)} -> Albania | C2: {=COUNTIF(enriched_logs!R$2:R$14078,_xlfn.ANCHORARRAY( B2))} -> 1 | E2: {=_xlfn._xlws.SORT(_xlfn.HSTACK(_xlfn.UNIQUE(enriched_logs!R2:R14078), COUNTIF(enriched_logs!R$2:R$14078, _xlfn.UNIQUE(enriched_logs!R2:R14078))), 2, -1)} -> United States | F2: 3493 | H2: {=_xlfn._xlws.SORT(_xlfn.HSTACK(_xlfn.UNIQUE(enriched_logs!T2:T14078), COUNTIF(enriched_logs!T$2:T$14078, _xlfn.UNIQUE(enriched_logs!T2:T14078))), 2, -1)} -> Amazon.com, Inc. | I2: 6995 | K2: {=_xlfn._xlws.SORT(_xlfn.HSTACK(_xlfn.UNIQUE(enriched_logs!U2:U14078), COUNTIF(enriched_logs!U$2:U$14078, _xlfn.UNIQUE(enriched_logs!U2:U14078))), 2, -1)} -> amazon.com | L2: 6995 | N2: {=_xlfn._xlws.SORT(_xlfn.HSTACK(_xlfn.UNIQUE(enriched_logs!M2:M14078), COUNTIF(enriched_logs!M$2:M$14078, _xlfn.UNIQUE(enriched_logs!M2:M14078))), 2, -1)} -> 30303 | O2: 7426 | P2: Ethereum Client Port | R2: {=_xlfn._xlws.SORT(_xlfn.HSTACK(_xlfn.UNIQUE(enriched_logs!D2:D14078), COUNTIF(enriched_logs!D$2:D$14078, _xlfn.UNIQUE(enriched_logs!D2:D14078))), 2, -1)} -> 18.175.136.85 | S2: 966
B3: Argentina | C3: 1 | E3: Germany | F3: 3163 | H3: cheapy.host LLC | I3: 986 | K3: cheapy.host | L3: 986 | N3: 53 | O3: 571 | P3: DNS Port (DDoS) | R3: 52.213.121.14 | S3: 946
B4: Australia | C4: 17 | E4: The Netherlands | F4: 1842 | H4: Google LLC | I4: 706 | K4: google.com | L4: 706 | N4: 23 | O4: 156 | P4: Telnet port (uname+pass brutef) | R4: 18.162.120.131 | S4: 791
B5: Austria | C5: 4 | E5: Ireland | F5: 1557 | H5: OVH SAS | I5: 606 | K5: ovhcloud.com | L5: 606 | N5: 8080 | O5: 65 | P5: HTTP alt / DDoS, CORS | R5: 3.70.55.65 | S5: 746
B6: Bangladesh | C6: 1 | E6: United Kingdom | F6: 1264 | H6: TELCHAK GOLD VENTURES (PRIVATE) LIMITED | I6: 533 | K6: telchakgoldventuresprivatelimitedinternational.xyz | L6: 533 | N6: 8728 | O6: 58 | P6: Mikrotik router vuln., botnet | R6: 54.234.104.125 | S6: 705
B7: Belarus | C7: 4 | E7: Hong Kong | F7: 921 | H7: Akamai Connected Cloud | I7: 509 | K7: linode.com | L7: 509 | N7: 37215 | O7: 57 | P7: Huawei router, DDoS capture | R7: 63.176.22.69 | S7: 696
B8: Belgium | C8: 44 | E8: Japan | F8: 613 | H8: Censys, Inc. | I8: 491 | K8: censys.io | L8: 491 | N8: 5900 | O8: 48 | P8: VNC protocol, UPnP req. vuln | R8: 3.68.53.133 | S8: 690
B9: Brazil | C9: 50 | E9: France | F9: 196 | H9: DigitalOcean, LLC | I9: 285 | K9: digitalocean.com | L9: 285 | N9: 80 | O9: 41 | P9: HTTP port | R9: 54.78.131.68 | S9: 608
B10: Bulgaria | C10: 79 | E10: China | F10: 98 | H10: UCLOUD INFORMATION TECHNOLOGY (HK) LIMITED | I10: 210 | K10: N/A | L10: 218 | N10: 3128 | O10: 32 | P10: Proxy server (squid), encr. vuln | R10: 135.148.168.151 | S10: 579
B11: Canada | C11: 79 | E11: Finland | F11: 95 | H11: IP Volume inc | I11: 191 | K11: ucloud.cn | L11: 210 | N11: 443 | O11: 30 | P11: HTTPS port | R11: 3.115.23.90 | S11: 516
B12: Chile | C12: 1 | E12: Bulgaria | F12: 79 | H12: ONYPHE SAS | I12: 170 | K12: ipvolume.net | L12: 191 | N12: 8443 | O12: 27 | R12: 63.176.157.198 | S12: 138
B13: China | C13: 98 | E13: Canada | F13: 79 | H13: Microsoft Corporation | I13: 164 | K13: onyphe.io | L13: 170 | N13: 2222 | O13: 26 | R13: 196.251.69.91 | S13: 109
B14: Colombia | C14: 1 | E14: Singapore | F14: 78 | H14: Hurricane Electric LLC | I14: 156 | K14: microsoft.com | L14: 164 | N14: 4145 | O14: 24 | R14: 196.251.83.215 | S14: 107
B15: Croatia | C15: 6 | E15: Russia | F15: 69 | H15: Nybula LLC | I15: 137 | K15: he.net | L15: 156 | N15: 8888 | O15: 23 | R15: 196.251.87.74 | S15: 103
B16: Czechia | C16: 2 | E16: Taiwan | F16: 58 | H16: SKYNET NETWORK LTD | I16: 109 | K16: nybula.com | L16: 137 | N16: 3389 | O16: 23 | R16: 206.123.145.4 | S16: 100
B17: Denmark | C17: 1 | E17: India | F17: 54 | H17: Interserver, Inc | I17: 109 | K17: interserver.net | L17: 109 | N17: 5678 | O17: 23 | R17: 206.123.145.21 | S17: 94
B18: Ecuador | C18: 1 | E18: Brazil | F18: 50 | H18: Alibaba (US) Technology Co., Ltd. | I18: 88 | K18: alibabagroup.com | L18: 108 | N18: 6379 | O18: 22 | R18: 196.251.69.116 | S18: 86
B19: Finland | C19: 95 | E19: Belgium | F19: 44 | H19: Railnet LLC | I19: 86 | K19: virtualine.org | L19: 86 | N19: 5060 | O19: 21 | R19: 206.123.145.25 | S19: 81
B20: France | C20: 196 | E20: South Korea | F20: 35 | H20: Driftnet Ltd | I20: 79 | K20: driftnet.io | L20: 79 | N20: 123 | O20: 18 | R20: 196.251.72.177 | S20: 81
B21: Georgia | C21: 4 | E21: Switzerland | F21: 29 | H21: Cloudflare, Inc. | I21: 78 | K21: cloudflare.com | L21: 78 | N21: 1080 | O21: 18 | R21: 206.123.145.234 | S21: 77
B22: Germany | C22: 3163 | E22: Sweden | F22: 26 | H22: Pfcloud UG | I22: 78 | K22: pfcloud.io | L22: 78 | N22: 9922 | O22: 18 | R22: 206.123.145.37 | S22: 75
B23: Hong Kong | C23: 921 | E23: Nigeria | F23: 23 | H23: FOP Dmytro Nedilskyi | I23: 76 | K23: agotoz.com | L23: 75 | N23: 4150 | O23: 18 | R23: 206.123.145.35 | S23: 66
... B61: Vietnam | C61: 12 | E61: Trinidad and Tobago | F61: 1 | H61: Kamatera, Inc. | I61: 10 | K61: galeonllc.ru | L61: 10 | N61: 8083 | O61: 10 | R61: 45.142.193.177 | S61: 14
H62: CDS Global Cloud Co., Ltd | I62: 10 | K62: unmanaged.uk | L62: 9 | N62: 20087 | O62: 10 | R62: 92.63.197.210 | S62: 14
H63: PJSC Rostelecom | I63: 10 | K63: hinet.net | L63: 9 | N63: 60001 | O63: 10 | R63: 196.251.66.71 | S63: 14
H64: Galeon LLC | I64: 10 | K64: scloud.sg | L64: 9 | N64: 1723 | O64: 9 | R64: 88.210.63.55 | S64: 14
H65: Tencent Building, Kejizhongyi Avenue | I65: 9 | K65: chinatelecom.cn | L65: 8 | N65: 4443 | O65: 9 | R65: 109.205.213.124 | S65: 14
H66: UNMANAGED LTD | I66: 9 | K66: opendns.com | L66: 8 | N66: 11434 | O66: 9 | R66: 167.94.146.36 | S66: 13
H67: Data Communication Business Group | I67: 9 | K67: init7.net | L67: 8 | N67: 20019 | O67: 9 | R67: 196.251.116.162 | S67: 13
H68: Scloud Pte Ltd | I68: 9 | K68: koddos.net | L68: 8 | N68: 20014 | O68: 9 | R68: 196.251.71.226 | S68: 13
H69: Cisco OpenDNS, LLC | I69: 8 | K69: colocrossing.com | L69: 8 | N69: 20171 | O69: 9 | R69: 45.142.193.49 | S69: 13
H70: Init7 (Switzerland) Ltd. | I70: 8 | K70: hetzner.de | L70: 7 | N70: 88 | O70: 9 | R70: 196.251.86.195 | S70: 13
H71: Amarutu Technology Ltd | I71: 8 | K71: i3d.net | L71: 7 | N71: 2022 | O71: 9 | R71: 109.205.213.115 | S71: 13
H72: HostPapa | I72: 8 | K72: lumen.com | L72: 7 | N72: 20205 | O72: 9 | R72: 109.205.213.8 | S72: 13
H73: Hetzner Online GmbH | I73: 7 | K73: as49870.net | L73: 7 | N73: 11211 | O73: 9 | R73: 79.124.49.194 | S73: 12
... H260: FASTNET DATA INC | I260: 1 | K260: fpt.vn | L260: 1 | N260: 5005 | O260: 4 | R260: 193.163.125.22 | S260: 4
H261: NTT America, Inc. | I261: 1 | N261: 16411 | O261: 4 | R261: 193.163.125.24 | S261: 4
H262: tzulo, inc. | I262: 1 | N262: 3324 | O262: 4 | R262: 165.227.226.99 | S262: 4
H263: Comcast Cable Communications, LLC | I263: 1 | N263: 8093 | O263: 4 | R263: 43.130.72.177 | S263: 4
H264: Turing Group Limited | I264: 1 | N264: 48852 | O264: 4 | R264: 162.142.125.143 | S264: 4
H265: Unified Layer | I265: 1 | N265: 20443 | O265: 4 | R265: 143.42.1.191 | S265: 4
H266: Tianfeng (Hong Kong) Communications Limited | I266: 1 | N266: 20107 | O266: 4 | R266: 192.159.99.101 | S266: 4
H267: ZhouyiSat Communications | I267: 1 | N267: 2083 | O267: 4 | R267: 143.42.1.128 | S267: 4
H268: XMission, L.C. | I268: 1 | N268: 8020 | O268: 4 | R268: 143.42.173.101 | S268: 4
H269: AT&T Enterprises, LLC | I269: 1 | N269: 20067 | O269: 4 | R269: 45.79.177.245 | S269: 4
H270: Charter Communications Inc | I270: 1 | N270: 54321 | O270: 4 | R270: 173.255.223.73 | S270: 4
H271: HT | I271: 1 | N271: 3400 | O271: 4 | R271: 172.69.133.165 | S271: 4
H272: netcup GmbH | I272: 1 | N272: 19000 | O272: 4 | R272: 139.144.239.78 | S272: 4
... H276: FPT Telecom Company | I276: 1 | N276: 84 | O276: 4 | R276: 23.239.4.211 | S276: 4
N277: 830 | O277: 4 | R277: 45.79.98.252 | S277: 4
N278: 44818 | O278: 4 | R278: 109.205.213.125 | S278: 4
N279: 992 | O279: 4 | R279: 45.79.114.248 | S279: 4
N280: 2096 | O280: 4 | R280: 109.205.213.249 | S280: 4
N281: 5433 | O281: 3 | R281: 3.136.208.236 | S281: 4
N282: 20256 | O282: 3 | R282: 148.153.188.254 | S282: 4
N283: 4369 | O283: 3 | R283: 207.90.244.12 | S283: 4
N284: 4430 | O284: 3 | R284: 45.38.44.221 | S284: 4
N285: 2001 | O285: 3 | R285: 173.255.242.196 | S285: 4
N286: 20122 | O286: 3 | R286: 143.42.1.34 | S286: 4
N287: 50995 | O287: 3 | R287: 3.83.240.92 | S287: 4
N288: 9600 | O288: 3 | R288: 167.94.138.144 | S288: 4
... N782: 60022 | O782: 2 | R782: 192.178.115.211 | S782: 2
N783: w | O783: 1 | R783: 167.94.138.155 | S783: 2
N784: 9306 | O784: 1 | R784: 54.204.80.226 | S784: 2
N785: 41622 | O785: 1 | R785: 54.226.13.88 | S785: 2
N786: 55432 | O786: 1 | R786: 52.54.102.24 | S786: 2
N787: 15432 | O787: 1 | R787: 162.216.149.103 | S787: 2
N788: 32569 | O788: 1 | R788: 172.253.1.24 | S788: 2
N789: 25789 | O789: 1 | R789: 162.142.125.250 | S789: 2
N790: 4026 | O790: 1 | R790: 98.81.126.241 | S790: 2
N791: 4432 | O791: 1 | R791: 206.168.34.69 | S791: 2
N792: 8445 | O792: 1 | R792: 167.94.138.52 | S792: 2
N793: 8883 | O793: 1 | R793: 167.94.138.42 | S793: 2
N794: 5061 | O794: 1 | R794: 167.94.138.200 | S794: 2
N795: 11553 | O795: 1 | R795: 206.168.34.168 | S795: 2
... N2856: 5987 | O2856: 1 | R2856: 165.154.187.159 | S2856: 1
N2857: 15556 | O2857: 1
N2858: 32225 | O2858: 1
N2859: 1344 | O2859: 1
N2860: 20123 | O2860: 1
N2861: 17149 | O2861: 1
N2862: 7473 | O2862: 1
N2863: 51413 | O2863: 1
N2864: 9457 | O2864: 1
N2865: 7900 | O2865: 1
N2866: 24554 | O2866: 1
N2867: 51727 | O2867: 1
N2868: 9101 | O2868: 1
... N3222: 17342 | O3222: 1
